snum,Genre,Title,Artist,duration_ms,explicit,popularity,total_tracks,danceability,energy,key,loudness,mode,speechiness,acousticness,instrumentalness,liveness,valence,tempo,time_signature
1,pop,Sissy That Walk,RuPaul,212693,FALSE,63,10,0.826,0.614,11,-4.22,1,0.0561,0.0191,0.0172,0.0865,0.591,126.046,4
2,r&b,Pressure,Ari Lennox,193279,TRUE,69,1,0.85,0.658,0,-5.558,1,0.221,0.139,0,0.063,0.832,144.445,4
3,hiphop,The Thrill,Wiz Khalifa,234333,TRUE,79,1,0.817,0.775,10,-4.767,0,0.108,0.277,0,0.108,0.806,126.984,4
4,pop,Can We Dance,The Vamps,192710,FALSE,66,15,0.64,0.82,1,-4.729,0,0.0464,0.00312,0,0.189,0.583,130.108,4
5,hiphop,Black Nostaljack AKA Come On,Camp Lo,251960,FALSE,36,15,0.755,0.751,0,-7.631,1,0.273,0.00654,0,0.0582,0.381,93.058,4
6,edm,Howl at the Moon - Radio Edit,Stadiumx,183750,FALSE,24,4,0.514,0.934,10,-3.201,0,0.0992,0.0525,0.00089,0.137,0.182,127.953,4
7,latin,Escríbeme En El Cielo,Sentidos Opuestos,250826,FALSE,45,10,0.656,0.512,2,-12.978,1,0.0263,0.312,0.000318,0.234,0.791,135.981,4
8,latin,Sin Tu Amor A Duo,Flex,209169,FALSE,53,15,0.694,0.543,6,-8.565,0,0.0462,0.000893,1.85E-06,0.334,0.938,170.806,4
9,latin,Amor del Bueno,Reyli Barba,242026,FALSE,73,12,0.77,0.373,1,-6.931,1,0.0328,0.317,0,0.217,0.293,131.975,4
10,rap,Show Stop,REASON,179233,TRUE,62,14,0.751,0.725,8,-4.495,1,0.0397,0.0755,0.00102,0.12,0.544,129.977,4
11,pop,2 On (feat. ScHoolboy Q),Tinashe,227000,TRUE,71,18,0.742,0.595,9,-7.51,1,0.107,0.15,0,0.111,0.431,101.013,4
12,hiphop,Feet On The Ground,Blu,297875,FALSE,39,8,0.693,0.648,4,-8.465,0,0.0931,0.00958,3.23E-05,0.846,0.815,88.005,4
13,hiphop,Music Makes Me High,Lost Boyz,270973,FALSE,41,16,0.841,0.599,1,-3.121,1,0.161,0.0029,0,0.296,0.56,94.145,4
14,pop,Next,Olivia Holt,175755,FALSE,54,1,0.757,0.776,0,-6.058,1,0.0359,0.0199,1.50E-06,0.351,0.884,134.11,4
15,latin,Vivir Lo Nuestro,LA INDIA,367026,FALSE,56,9,0.636,0.672,10,-6.667,0,0.0412,0.573,0,0.915,0.794,91.191,4
16,latin,Calma,Pedro Capó,180065,FALSE,57,11,0.74,0.592,2,-6.388,1,0.0539,0.218,0,0.0726,0.549,126.914,4
17,rap,Juicy - 2005 Remaster,The Notorious B.I.G.,302760,TRUE,76,19,0.889,0.818,9,-4.639,1,0.253,0.47,0,0.179,0.782,96.063,4
18,rap,Reverse (feat. G-Eazy),VIC MENSA,211893,TRUE,63,8,0.836,0.703,0,-4.731,1,0.106,0.031,0,0.124,0.211,144.959,4
19,rap,He Got Game,Public Enemy,286200,TRUE,59,13,0.825,0.639,4,-6.607,1,0.185,0.0731,0.0225,0.0612,0.866,97.389,4
20,hiphop,Is It Good To You,Heavy D & The Boyz,292226,FALSE,48,14,0.711,0.595,1,-12.99,1,0.036,0.0484,0.0327,0.208,0.836,107.473,4
21,hiphop,Let's Ride,Q-Tip,246493,TRUE,57,13,0.775,0.795,5,-4.171,1,0.206,0.148,0.00119,0.0411,0.796,95.212,4
22,edm,Five More Hours,Deorro,211975,FALSE,71,26,0.699,0.883,5,-3.226,0,0.219,0.0288,0,0.817,0.499,127.961,4
23,hiphop,"Keep On, Keepin' On (feat. Xscape)",MC Lyte,271440,TRUE,48,11,0.875,0.63,1,-6.015,0,0.114,0.24,0.00011,0.0742,0.733,91.043,4
24,latin,Hay Algo en Ti,Luny Tunes,232587,FALSE,63,20,0.842,0.681,4,-8.149,0,0.0544,0.0115,2.65E-06,0.113,0.238,96.017,4
25,pop,Every Summertime,NIKI,215686,FALSE,70,1,0.628,0.676,6,-4.227,1,0.0424,0.393,6.94E-05,0.0978,0.723,78.996,4
26,pop,Timber (feat. Ke$ha),Pitbull,204160,FALSE,80,17,0.581,0.963,11,-4.087,1,0.0981,0.0295,0,0.139,0.788,129.992,4
27,rap,Both (feat. Drake),Gucci Mane,190311,TRUE,69,13,0.85,0.405,7,-7.509,0,0.225,0.119,0.000118,0.0707,0.344,139.976,4
28,rap,The Show Goes On,Lupe Fiasco,239613,TRUE,72,12,0.591,0.889,7,-3.839,1,0.115,0.0189,0,0.155,0.65,143.067,4
29,pop,Cheap Thrills,Sia,211666,FALSE,77,12,0.628,0.698,6,-5.608,0,0.105,0.0472,0.00143,0.0907,0.732,89.976,4
30,hiphop,Fuck Tha Police,N.W.A.,345717,TRUE,69,13,0.859,0.75,8,-8.325,0,0.303,0.0193,0,0.0538,0.857,98.691,4
31,hiphop,Party Up,DMX,268866,TRUE,71,18,0.51,0.931,11,-3.302,1,0.347,0.0738,0,0.5,0.53,201.936,4
32,latin,Perdiendo El Control,De La Ghetto,184685,FALSE,61,1,0.826,0.762,8,-3.07,0,0.046,0.0529,0.00418,0.0807,0.68,128.012,4
33,pop,Say My Name,Destiny's Child,271333,FALSE,76,16,0.713,0.678,5,-3.525,0,0.102,0.273,0,0.149,0.734,138.009,4
34,latin,Loco de Amor,Luis Vargas,472546,FALSE,51,30,0.902,0.561,5,-6.902,0,0.0406,0.0916,8.73E-05,0.302,0.964,134.971,4
35,rap,Praise God,Kanye West,226652,FALSE,88,27,0.798,0.545,1,-6.466,1,0.168,0.00904,9.48E-05,0.258,0.212,118.029,4
36,latin,Velitas,Darell,225542,TRUE,70,1,0.819,0.596,2,-7.009,1,0.318,0.225,1.19E-06,0.138,0.622,165.951,4
37,r&b,Sweet Love,Anita Baker,266200,FALSE,61,8,0.504,0.728,10,-5.699,0,0.0234,0.36,0,0.159,0.683,89.255,4
38,latin,La Pareja Ideal,Marisela,213506,FALSE,65,15,0.625,0.249,4,-17.53,1,0.0399,0.623,1.10E-06,0.083,0.52,143.44,4
39,rock,How You Like Me Now,The Heavy,217493,FALSE,60,10,0.647,0.71,0,-4.692,1,0.029,0.000973,0.703,0.0777,0.268,110.059,4
40,rock,Don't Bring Me Down,Electric Light Orchestra,243373,FALSE,72,9,0.638,0.867,2,-6.469,1,0.0331,0.144,0.000733,0.0846,0.805,115.692,4
41,latin,Lo Que Tenías Conmigo,María José,233813,FALSE,68,1,0.475,0.788,9,-3.124,1,0.0346,0.0517,0,0.0829,0.23,147.627,4
42,rock,Are You in Love With a Notion?,Courteeners,254991,FALSE,55,12,0.398,0.87,7,-6.766,1,0.0421,0.0014,4.43E-05,0.117,0.713,160.015,4
43,edm,If I Ruled The World,Mike Perry,171925,FALSE,61,1,0.655,0.643,4,-5.041,1,0.108,0.0205,0,0.115,0.29,124.812,4
44,r&b,Are U Still Down?,Jon B.,266600,FALSE,54,15,0.723,0.534,4,-8.621,0,0.0571,0.0143,1.88E-05,0.185,0.415,91.072,4
45,latin,La Fórmula,Mane de la Parra,219016,FALSE,41,10,0.745,0.848,0,-6.128,1,0.0566,0.036,0,0.0853,0.919,120.021,4
46,rap,Mo Reala,Zaytoven,278186,TRUE,55,12,0.878,0.52,9,-7.58,1,0.131,0.218,0,0.119,0.337,110.996,4
47,hiphop,Bonnie & Shyne (feat. Barrington Levy),Shyne,257466,TRUE,49,16,0.855,0.874,10,-4.018,0,0.21,0.0363,0.0216,0.0869,0.861,89.449,4
48,hiphop,1539 N. Calvert,JPEGMAFIA,157258,TRUE,66,19,0.863,0.717,4,-3.143,0,0.17,0.278,0.0826,0.0991,0.357,152.05,4
49,pop,Love Back,Why Don't We,185850,FALSE,73,1,0.611,0.744,4,-6.845,1,0.0654,0.026,0,0.176,0.705,105.882,4
50,latin,Ella Se Contradice - Remix,Baby Rasta & Gringo,361013,FALSE,56,1,0.762,0.706,4,-9.23,0,0.301,0.353,0,0.707,0.924,76.519,4
51,edm,Untitled Forever,No Mana,285000,FALSE,42,1,0.624,0.768,10,-5.397,0,0.0412,0.0018,0.647,0.0965,0.12,128.012,4
52,edm,Five Hours,Deorro,326887,FALSE,63,1,0.88,0.821,5,-2.545,0,0.118,0.0197,0.661,0.234,0.575,127.907,4
53,rap,U and Dat (feat. T. Pain & Kandi Girl),E-40,202720,TRUE,63,20,0.858,0.484,6,-7.448,0,0.277,0.0241,1.80E-06,0.123,0.329,99.992,4
54,rock,Rock Bottom - 2007 Remaster,UFO,389333,FALSE,55,16,0.256,0.863,5,-6.582,1,0.106,3.48E-05,0.00405,0.364,0.521,158.947,4
55,latin,Extran?a?ndote,Rubby Perez,306160,FALSE,55,12,0.711,0.825,2,-3.095,1,0.0365,0.662,0,0.177,0.885,97.376,4
56,rap,Sundress,A$AP Rocky,158205,TRUE,77,1,0.721,0.707,6,-6.364,1,0.0595,0.181,3.68E-06,0.143,0.743,125.005,4
57,latin,Ya Nada Queda,Kudai,224000,FALSE,64,13,0.543,0.651,5,-5.784,1,0.0283,0.0895,0,0.0418,0.6,150.059,4
58,rock,Harvest Moon,Neil Young,303213,FALSE,71,10,0.648,0.309,2,-12.432,1,0.0264,0.526,0.000249,0.124,0.407,112.929,4
59,latin,Pepas,Farruko,287120,TRUE,84,25,0.762,0.766,7,-3.955,1,0.0343,0.00776,6.98E-05,0.128,0.442,130.001,4
60,pop,GOOD PUSS,COBRAH,220223,TRUE,61,1,0.872,0.646,5,-6.994,1,0.0486,0.0889,0.553,0.133,0.346,125.017,4
61,pop,I Wanna Dance with Somebody (Who Loves Me),Whitney Houston,291293,FALSE,81,11,0.709,0.824,1,-8.824,1,0.0453,0.207,0.000307,0.0888,0.867,118.818,4
62,rap,"Bust It Baby, Pt. 2 (feat. Ne-Yo)",Plies,240760,TRUE,62,15,0.648,0.801,5,-7.24,0,0.167,0.154,0,0.339,0.807,78.946,4
63,rock,Where Are You Now,Nazareth,233853,FALSE,59,10,0.474,0.508,6,-6.845,0,0.0235,0.316,0,0.166,0.358,77.31,4
64,rap,Rock Co.Kane Flow (feat. MF Doom),De La Soul,185266,TRUE,57,13,0.733,0.67,10,-3.532,0,0.132,0.119,0,0.442,0.763,86.983,4
65,r&b,Heartbreak Heard Around the World (feat. T-Pain),Jacob Latimore,180159,FALSE,52,1,0.63,0.753,4,-6.301,1,0.0532,0.077,0,0.215,0.568,91.973,4
66,pop,Painkiller,Ruel,213506,FALSE,73,7,0.683,0.42,5,-6.51,1,0.0542,0.0875,0,0.225,0.469,128.621,4
67,edm,Won't Let Go - longstoryshort Remix,Doctor P,178780,FALSE,47,1,0.669,0.622,7,-2.08,0,0.204,0.0327,0.0361,0.0841,0.11,174.029,4
68,r&b,Lie To Me,Kem,231506,FALSE,50,12,0.794,0.452,5,-7.581,1,0.0694,0.181,0.000173,0.077,0.618,86.986,4
69,rap,Motorcycle Patches,Huncho Jack,191409,TRUE,63,13,0.868,0.657,8,-4.853,1,0.113,0.0158,0,0.0995,0.436,162.867,4
70,rock,Somebody Else,The 1975,347520,TRUE,73,17,0.61,0.788,0,-5.724,1,0.0585,0.195,0.0142,0.153,0.472,101.045,4
71,rap,Walked In,Bankroll Fresh,198095,TRUE,58,20,0.969,0.491,2,-9.859,1,0.233,0.0361,0,0.118,0.768,126.048,4
72,latin,Te Mando Flores,Fonseca,228680,FALSE,72,14,0.714,0.85,0,-7.864,1,0.0541,0.228,0,0.108,0.855,102.009,4
73,rock,Rock You Like A Hurricane,Scorpions,252493,FALSE,71,9,0.482,0.617,4,-12.931,0,0.0458,0.00543,0.000146,0.284,0.718,125.697,4
74,rap,No Hands (feat. Roscoe Dash & Wale),Waka Flocka Flame,263773,TRUE,76,17,0.76,0.595,1,-6.366,1,0.0391,0.00544,0,0.241,0.361,131.497,4
75,hiphop,Watch Out Now,The Beatnuts,174800,TRUE,51,19,0.783,0.633,11,-6.983,0,0.291,0.0969,0.000994,0.154,0.913,100.428,4
76,rap,Standing in the Rain (with Mark Ronson & Dan Auerbach),Action Bronson,202144,TRUE,47,17,0.642,0.901,1,-3.688,0,0.0773,0.0168,1.97E-06,0.0887,0.352,100.039,4
77,rap,Doobie Ashtray,Devin The Dude,316360,TRUE,55,16,0.67,0.563,11,-6.749,1,0.355,0.0551,0,0.066,0.685,145.753,4
78,rock,Pink Moon,Nick Drake,124000,FALSE,68,11,0.642,0.427,3,-8.471,1,0.0402,0.871,0.0904,0.124,0.404,82.344,4
79,pop,Ross And Rachel,Jake Miller,192980,FALSE,56,21,0.66,0.639,9,-6.61,1,0.0286,0.345,0.00109,0.0775,0.227,124.068,4
80,r&b,oui,Jeremih,238320,FALSE,76,15,0.418,0.724,5,-3.724,1,0.0964,0.213,0,0.112,0.604,78.521,5
81,edm,Bone Dry,Tristam,285000,FALSE,49,1,0.553,0.857,11,-5.901,1,0.265,0.372,0.000314,0.0727,0.318,159.997,4
82,rock,Carry on Wayward Son,Kansas,323000,FALSE,75,10,0.482,0.786,7,-5.735,1,0.032,0.00321,8.88E-05,0.446,0.793,126.755,4
83,edm,Disco Hearts,Illyus & Barrientos,181500,FALSE,49,2,0.738,0.929,0,-4.067,1,0.0488,0.124,0.002,0.321,0.797,127.009,4
84,rock,Knockin' On Heaven's Door,Bob Dylan,149880,FALSE,72,10,0.513,0.396,7,-13.061,1,0.0299,0.251,0.177,0.11,0.229,140.208,4
85,rap,Hands Up,Lloyd Banks,240213,TRUE,59,16,0.799,0.878,1,-2.282,1,0.219,0.0775,0,0.51,0.594,95,4
86,hiphop,Like You (feat. Ciara),Bow Wow,205840,FALSE,67,11,0.714,0.6,6,-8.365,1,0.0876,0.0465,0,0.0646,0.504,82.017,4
87,pop,Single Ladies (Put a Ring on It),Beyoncé,192586,FALSE,67,20,0.426,0.584,1,-5.293,1,0.296,0.0383,0,0.192,0.272,193.438,4
88,hiphop,X Gon' Give It To Ya - Int'l Bonus track,DMX,219733,FALSE,63,24,0.754,0.825,10,-5.366,0,0.194,0.039,0,0.0744,0.64,95.073,4
89,rock,Clairvoyant,The Story So Far,181028,FALSE,60,2,0.387,0.352,8,-6.864,1,0.027,0.859,0,0.135,0.137,86.168,4
90,hiphop,Flipside,Freeway,236706,TRUE,49,16,0.768,0.968,6,-2.798,1,0.36,0.0974,0,0.139,0.676,99.847,4
91,pop,We Don't Talk Anymore (feat. Selena Gomez),Charlie Puth,217706,FALSE,57,14,0.728,0.563,1,-8.053,0,0.134,0.621,0,0.179,0.352,100.017,4
92,hiphop,Burbons And Lacs,Master P,249933,TRUE,57,19,0.925,0.453,7,-5.921,1,0.109,0.000862,5.99E-05,0.124,0.392,138.002,4
93,rap,Runnin',The Pharcyde,296266,TRUE,63,40,0.754,0.785,10,-8.178,0,0.18,0.0287,0.00144,0.319,0.821,94.123,4
94,rap,Eye 2 Eye,Yung Bans,154693,TRUE,59,7,0.751,0.421,11,-10.158,0,0.0649,0.132,0.0291,0.105,0.416,75.497,4
95,latin,Ayer Te Pedí,Victor Garcia,233026,FALSE,62,12,0.682,0.623,10,-4.495,1,0.0617,0.649,0,0.141,0.476,93.857,4
96,latin,Palabritas,El Jeffrey,224634,FALSE,41,13,0.77,0.824,2,-6.695,1,0.0479,0.215,0.000163,0.0906,0.849,122.999,4
97,rock,Listen to the Music,The Doobie Brothers,227266,FALSE,75,10,0.645,0.598,1,-13.18,0,0.0335,0.221,3.53E-06,0.0721,0.913,105.929,4
98,pop,Tattoo,Jordin Sparks,233466,FALSE,56,13,0.566,0.766,2,-5.036,1,0.0399,0.431,0,0.101,0.547,168.005,4
99,rock,Happy?,Mudvayne,216426,TRUE,69,12,0.546,0.97,5,-2.661,0,0.097,0.000823,2.08E-05,0.275,0.383,100.065,4
100,r&b,Heartbreak Anniversary,Giveon,198370,FALSE,85,8,0.449,0.465,0,-8.964,1,0.0791,0.524,1.02E-06,0.303,0.543,89.087,3
101,rap,Ultimate,Denzel Curry,189974,TRUE,67,1,0.493,0.826,9,-3.106,1,0.311,0.095,3.42E-06,0.252,0.75,112.865,4
102,pop,My Universe,Coldplay,226198,FALSE,85,12,0.573,0.711,1,-6.268,0,0.0406,0.0114,0,0.328,0.47,105.006,4
103,r&b,It Kills Me,Melanie Fiona,250413,FALSE,52,12,0.618,0.764,8,-4.375,1,0.0411,0.228,0,0.0972,0.479,107.452,4
104,pop,Chasing The Sun,The Wanted,198800,FALSE,67,10,0.637,0.732,7,-6.209,0,0.0965,0.244,0,0.498,0.68,128.108,4
105,edm,Love Like You (feat. SHELLS),Redondo,160645,FALSE,51,1,0.545,0.954,2,-4.406,1,0.0451,0.00092,0.296,0.143,0.27,123.989,4
106,rock,Feel It Still,Portugal. The Man,163253,FALSE,77,10,0.801,0.795,1,-5.115,0,0.0504,0.0417,0.000113,0.0717,0.754,79.028,4
107,edm,Left Behinds - Radio Edit,Paris Blohm,180014,FALSE,23,2,0.488,0.957,8,-4.051,0,0.152,0.00185,0.0331,0.143,0.155,128.027,4
108,rock,I Feel Love (Every Million Miles),The Dead Weather,195826,FALSE,50,12,0.242,0.854,4,-6.96,1,0.125,0.00209,0,0.15,0.325,188.68,4
109,r&b,All My Life,K-Ci & JoJo,331240,FALSE,72,12,0.629,0.511,1,-8.651,1,0.0326,0.114,3.91E-06,0.0588,0.181,128.038,4
110,r&b,Too Close,Next,259440,TRUE,66,18,0.847,0.402,7,-9.952,1,0.0641,0.0118,0,0.283,0.752,99.693,4
111,hiphop,Rock Co.Kane Flow (feat. MF Doom),De La Soul,185266,TRUE,57,13,0.733,0.67,10,-3.532,0,0.132,0.119,0,0.442,0.763,86.983,4
112,edm,Show Me Love (feat. Robin S.) - Dubdogz Remix,Steve Angello,189677,FALSE,35,1,0.648,0.804,9,-8.232,0,0.0541,0.00567,0.0033,0.643,0.376,123.971,4
113,hiphop,Drankin N Smokin,Future,213520,TRUE,78,16,0.752,0.658,0,-6.297,1,0.342,0.0421,0,0.0927,0.387,151.951,4
114,pop,All The Things She Said,Poppy,221498,FALSE,64,1,0.556,0.834,1,-5.016,1,0.055,0.00355,0.000185,0.111,0.509,90.042,4
115,rap,No Guidance (feat. Drake),Chris Brown,260640,TRUE,80,32,0.696,0.454,1,-6.756,0,0.153,0.123,0,0.155,0.136,92.928,4
116,rap,Everybody Mad,O.T. Genasis,199390,TRUE,58,1,0.858,0.731,2,-4.121,1,0.0961,0.138,1.71E-05,0.0987,0.431,164.054,4
117,hiphop,Dead And Gone,T.I.,299746,TRUE,69,16,0.713,0.746,0,-4.99,1,0.259,0.0402,0,0.601,0.47,135.021,4
118,rap,Hustlin',Rick Ross,254093,TRUE,69,19,0.502,0.652,9,-7.224,1,0.3,0.0848,0,0.0675,0.648,136.08,4
119,pop,Worth It for the Feeling,Rebecca Black,187321,TRUE,49,1,0.547,0.629,3,-5.487,0,0.0378,0.1,1.69E-05,0.184,0.516,147.001,4
120,hiphop,Grits,RZA,257813,FALSE,50,16,0.756,0.532,9,-5.096,1,0.0764,0.0948,8.93E-06,0.111,0.571,172.096,4
121,hiphop,My Band,D12,298773,TRUE,71,21,0.851,0.849,1,-3.383,0,0.0828,0.497,2.05E-06,0.116,0.844,120.014,4
122,hiphop,No Problem (feat. Lil Wayne & 2 Chainz),Chance the Rapper,304606,TRUE,69,14,0.652,0.795,11,-5.192,0,0.174,0.156,0,0.123,0.788,135.018,4
123,pop,Pony,William Singe,121739,FALSE,53,1,0.689,0.311,11,-10.821,0,0.0783,0.544,0,0.0841,0.417,137.958,4
124,hiphop,True And Livin',Lord Finesse,281666,TRUE,32,16,0.871,0.741,10,-6.482,0,0.189,0.118,0,0.349,0.789,87.047,4
125,pop,A Thousand Years,Christina Perri,285120,FALSE,80,1,0.421,0.407,10,-7.445,1,0.0267,0.309,0.000961,0.11,0.161,139.028,3
126,rap,Reachin (feat. Cuxthroat),Kia Shine,162816,TRUE,34,1,0.826,0.471,1,-7.992,1,0.319,0.0949,0,0.155,0.14,126.103,4
127,latin,Como Un Trueno,Ilegales,246266,FALSE,55,10,0.834,0.945,0,-6.527,1,0.0424,0.187,0.0775,0.0731,0.934,130.418,4
128,r&b,Hypnotized (feat. Akon),Plies,188493,TRUE,66,15,0.84,0.571,10,-7.421,1,0.0797,0.16,0,0.406,0.617,116.59,4
129,edm,Make Me Yours,Borgeous,195239,FALSE,50,1,0.577,0.615,7,-6.084,0,0.0395,0.0124,1.33E-06,0.124,0.174,127.904,4
130,edm,Up All Night,OFFAIAH,161972,FALSE,56,2,0.746,0.969,1,-5.201,1,0.0638,0.0319,0.0533,0.0765,0.849,122.99,4
131,rap,Lonely,Speaker Knockerz,186613,TRUE,65,20,0.802,0.582,1,-7.296,0,0.235,0.126,0,0.161,0.338,150.002,4
132,rock,Lady In Black,Uriah Heep,330600,FALSE,57,14,0.547,0.698,7,-7.686,1,0.0384,0.218,0.000132,0.211,0.574,87.467,4
133,latin,Bella - Remix,Wolfine,218360,FALSE,64,1,0.917,0.476,3,-6.621,1,0.0656,0.303,0,0.103,0.87,93.99,4
134,latin,Baby Girl (feat. Lalo Ebratt),Mario Bautista,218469,FALSE,68,1,0.804,0.705,1,-5.272,1,0.199,0.0275,0.000138,0.202,0.45,103.009,4
135,pop,when was it over? (feat. Sam Hunt),Sasha Alex Sloan,218093,FALSE,71,1,0.626,0.453,7,-9.295,1,0.0306,0.816,1.91E-06,0.0904,0.494,129.958,4
136,r&b,If I Ain't Got You,Alicia Keys,228706,FALSE,80,15,0.609,0.444,7,-9.129,1,0.106,0.603,6.86E-06,0.104,0.166,118.402,3
137,rap,POPSTAR (feat. Drake),DJ Khaled,200221,TRUE,68,14,0.803,0.565,5,-4.711,0,0.235,0.0558,0,0.141,0.474,163.085,4
138,pop,Things You Can't Change,Rhys Lewis,199306,FALSE,57,17,0.756,0.374,1,-7.555,1,0.0368,0.575,0,0.109,0.551,84.975,4
139,pop,forever&more,ROLE MODEL,175608,FALSE,69,1,0.694,0.637,9,-5.896,1,0.0806,0.298,9.69E-06,0.123,0.506,83.982,4
140,edm,Never Lost,Amtrac,406026,FALSE,53,4,0.671,0.526,1,-8.433,1,0.0373,0.0185,0.841,0.299,0.252,119.991,4
141,rap,Day 'N' Nite (Nightmare),Kid Cudi,221240,FALSE,73,16,0.88,0.443,11,-6.359,0,0.0653,0.462,7.13E-06,0.122,0.803,138.018,4
142,edm,Light,San Holo,239853,FALSE,63,1,0.57,0.763,1,-4.137,1,0.0573,0.0857,2.49E-06,0.0932,0.43,150.088,4
143,hiphop,Sippin On Some Syrup (feat. UGK (Underground Kingz) & Project Pat),Three 6 Mafia,261133,TRUE,36,17,0.939,0.859,11,-4.131,1,0.104,0.00882,0,0.102,0.889,136.025,4
144,edm,Something Just Like This,The Chainsmokers,247160,FALSE,83,12,0.617,0.635,11,-6.769,0,0.0317,0.0498,1.44E-05,0.164,0.446,103.019,4
145,r&b,T-Shirts & Panties feat. Jamie Foxx,Adina Howard,291173,FALSE,39,15,0.816,0.422,4,-8.591,0,0.0914,0.245,0,0.0833,0.47,107.904,4
146,rap,Soul Survivor,Jeezy,280013,TRUE,66,19,0.682,0.483,10,-7.718,1,0.0451,0.00103,0,0.159,0.108,84.012,4
147,pop,Shouldn't Be,Luke Chiang,210436,FALSE,73,1,0.651,0.291,4,-10.009,1,0.0326,0.738,0,0.115,0.302,124.898,3
148,edm,Lovefool,twocolors,190487,FALSE,77,1,0.677,0.766,6,-6.896,1,0.0568,0.0219,6.81E-06,0.129,0.198,123.062,4
149,latin,Yo Se Que Es Mentira,Amaury Gutiérrez,258226,FALSE,49,10,0.723,0.689,9,-5.587,1,0.0425,0.233,0,0.0523,0.395,96.843,4
150,rap,Afterlife,Flatbush Zombies,194746,TRUE,57,1,0.736,0.535,1,-8.564,1,0.0924,0.31,1.13E-06,0.107,0.376,110.014,4
151,rap,I Think They Like Me - Remix,Dem Franchize Boyz,282093,TRUE,50,12,0.781,0.625,7,-9.139,1,0.373,0.00447,0,0.185,0.679,83.024,4
152,pop,Hero (feat. Christina Perri),Cash Cash,197840,FALSE,71,16,0.47,0.85,1,-2.825,0,0.0363,0.0627,0,0.118,0.148,149.876,4
153,rock,Enter Sandman,Metallica,331266,FALSE,79,12,0.577,0.828,6,-8.691,0,0.0298,0.00213,0.0114,0.0581,0.604,123.257,4
154,pop,blind,ROLE MODEL,153293,FALSE,72,6,0.765,0.663,0,-5.223,1,0.0652,0.141,0.000297,0.0924,0.686,150.091,4
155,rap,Hell on Earth (Front Lines),Mobb Deep,274093,TRUE,65,14,0.875,0.658,0,-3.641,1,0.359,0.275,0,0.122,0.661,92.038,4
156,pop,Susie Save Your Love,Allie X,238880,FALSE,58,12,0.646,0.595,10,-6.709,0,0.0512,0.00457,5.79E-06,0.0527,0.772,73.973,4
157,rap,Grinding All My Life,Nipsey Hussle,175040,TRUE,68,16,0.6,0.716,3,-5.554,0,0.384,0.0491,0,0.109,0.246,180.165,4
158,rock,Inside Out,Spoon,301960,FALSE,64,10,0.621,0.62,0,-4.721,1,0.0293,0.459,0.162,0.0771,0.515,176.016,4
159,hiphop,The Choice Is Yours (Revisited),Black Sheep,243200,FALSE,58,22,0.867,0.679,10,-12.028,0,0.207,0.0336,1.59E-06,0.0742,0.68,101.293,4
160,r&b,Steelo,702,257959,FALSE,57,10,0.767,0.731,8,-8.109,0,0.114,0.103,0.00364,0.102,0.678,90.997,4
161,r&b,Can't Raise a Man,K. Michelle,208040,FALSE,58,11,0.623,0.677,5,-5.215,1,0.0639,0.0233,0,0.0724,0.182,151.804,4
162,r&b,Rock Wit U (Awww Baby),Ashanti,209120,FALSE,66,20,0.71,0.797,4,-3.006,0,0.0582,0.408,0,0.16,0.849,94.998,4
163,pop,Bored,Billie Eilish,180933,FALSE,88,1,0.614,0.318,7,-12.695,1,0.0478,0.896,0.00239,0.0795,0.112,119.959,4
164,latin,Colgando en tus manos (con Marta Sánchez),Carlos Baute,230280,FALSE,75,16,0.836,0.637,6,-4.803,1,0.0367,0.535,0,0.129,0.875,120.025,4
165,latin,La Incondicional,Luis Miguel,257026,FALSE,76,10,0.374,0.727,10,-4.352,1,0.0309,0.237,0,0.134,0.283,155.127,4
166,hiphop,The Enemy,Big L,168013,TRUE,55,16,0.6,0.649,11,-8.372,1,0.393,0.115,0.00019,0.824,0.877,174.13,4
167,rock,Maneater,Daryl Hall & John Oates,273173,FALSE,75,11,0.724,0.498,11,-13.083,0,0.0423,0.0405,8.56E-05,0.0761,0.823,88.825,4
168,rap,Back In Blood (feat. Lil Durk),Pooh Shiesty,184489,TRUE,72,17,0.759,0.538,8,-8.256,0,0.384,0.151,0,0.126,0.831,146.933,4
169,latin,Hola - Remix,Dalex,249520,FALSE,77,1,0.654,0.672,0,-5.98,0,0.311,0.471,0,0.0781,0.343,181.857,4
170,edm,Written In The Stars,Tungevaag,190312,FALSE,63,1,0.634,0.678,3,-5.298,0,0.0367,0.15,4.63E-05,0.629,0.465,127.963,4
171,rock,One Thing Leads To Another,The Fixx,199826,FALSE,60,14,0.789,0.945,5,-5.219,0,0.0482,0.198,3.11E-06,0.0617,0.965,136.745,4
172,pop,Losing Me,Gabrielle Aplin,181786,FALSE,20,18,0.656,0.405,7,-8.34,1,0.0507,0.175,0,0.0958,0.243,133.885,4
173,rap,Do You Understand? (feat. Gunna & Tory Lanez),Shy Glizzy,279185,TRUE,46,19,0.862,0.526,4,-5.168,0,0.126,0.0496,0,0.0983,0.198,129.987,4
174,edm,Stand By You,DubVision,165833,FALSE,53,2,0.609,0.834,10,-5.588,0,0.0722,0.00924,0.000243,0.307,0.351,126.077,3
175,hiphop,Chum,Earl Sweatshirt,243773,TRUE,63,15,0.51,0.503,10,-8.756,0,0.242,0.0216,0.002,0.108,0.193,153.582,4
176,rock,Wish You Were Here,Neck Deep,248253,FALSE,67,11,0.53,0.496,10,-6.318,1,0.0264,0.428,0,0.0898,0.535,159.957,3
177,r&b,Far Away,Marsha Ambrosius,436880,FALSE,47,13,0.433,0.668,9,-6.544,1,0.211,0.221,0,0.126,0.351,70.478,4
178,r&b,Butta Love,Next,296400,TRUE,56,18,0.735,0.441,1,-8.412,0,0.0407,0.0972,0,0.0967,0.591,108.015,4
179,edm,Easy - Radio Edit,Mat Zo,213480,FALSE,42,5,0.505,0.893,2,-4.673,1,0.0425,0.00547,0,0.133,0.287,127.989,4
180,pop,Hopeless Romantic,Sam Fischer,181178,FALSE,70,1,0.654,0.636,8,-6.913,1,0.0391,0.117,0.00179,0.0919,0.392,113.994,4
181,r&b,My City ft. Masego,ELHAE,190375,FALSE,49,11,0.763,0.538,11,-7.487,0,0.11,0.0763,0,0.154,0.53,133.032,4
182,hiphop,RIP Young,Isaiah Rashad,158050,TRUE,69,16,0.971,0.677,2,-6.895,1,0.092,0.0476,2.22E-05,0.112,0.58,120.027,4
183,pop,Someone You Loved,Lewis Capaldi,182160,FALSE,87,12,0.501,0.405,1,-5.679,1,0.0319,0.751,0,0.105,0.446,109.891,4
184,r&b,No Diggity,Blackstreet,304600,FALSE,76,19,0.867,0.646,1,-4.674,0,0.288,0.303,0,0.279,0.67,88.634,4
185,rap,Myself,NAV,226040,TRUE,72,11,0.749,0.398,5,-7.44,0,0.171,0.648,1.26E-06,0.115,0.0859,80.032,4
186,edm,Fire Blazing,Dropgun,140571,FALSE,53,1,0.557,0.876,2,-3.014,0,0.0368,0.00928,0.00416,0.298,0.368,140.012,4
187,rock,Friends,Band Of Skulls,189826,FALSE,30,15,0.669,0.614,11,-5.012,1,0.0346,0.0285,0,0.219,0.336,116.045,4
188,r&b,Change (with Kehlani),Arin Ray,192546,TRUE,59,5,0.713,0.475,6,-4.436,0,0.0659,0.0608,7.55E-06,0.156,0.33,87.022,4
189,rap,Work,Gang Starr,177666,TRUE,64,20,0.787,0.832,10,-4.671,1,0.301,0.0347,0,0.0593,0.814,92.606,4
190,rock,Typhoons,Royal Blood,236933,FALSE,60,11,0.601,0.723,8,-4.364,0,0.0384,0.000347,0.0011,0.346,0.581,114.991,4
191,latin,Me Puedo Matar - Remastered,Bachata Heightz,263693,FALSE,52,11,0.857,0.815,9,-4.598,0,0.0545,0.191,3.12E-06,0.118,0.938,130.012,4
192,edm,Love & War (feat. Yade Lauren),Yellow Claw,180150,FALSE,33,13,0.577,0.911,1,-4.449,1,0.0512,0.0186,0.0587,0.159,0.543,160.036,4
193,pop,Backyard Boy,Claire Rosinkranz,129240,FALSE,74,2,0.817,0.635,5,-7.246,1,0.163,0.323,0,0.0738,0.454,138.015,4
194,rock,Love Hurts,Nazareth,233133,FALSE,60,8,0.485,0.328,7,-11.853,1,0.0254,0.00596,0.0032,0.325,0.138,79.766,4
195,hiphop,Wreck (feat. Big Sean),2 Chainz,123200,TRUE,67,17,0.889,0.594,10,-6.593,0,0.104,0.563,0,0.175,0.758,119.984,4
196,rap,Splash (feat. Moneybagg Yo),Tyga,173161,TRUE,70,1,0.794,0.613,1,-6.336,0,0.145,0.0363,0,0.742,0.412,135.984,4
197,pop,Black Sheep,Kailee Morgue,183920,FALSE,57,1,0.666,0.493,4,-7.21,0,0.0313,0.0338,0.0255,0.114,0.474,123.924,4
198,pop,At My Worst (feat. Kehlani),Pink Sweat$,169127,FALSE,68,18,0.731,0.484,0,-5.579,1,0.0354,0.73,3.01E-06,0.326,0.35,92.043,4
199,pop,Dancing On My Own,Robyn,285853,FALSE,64,15,0.674,0.857,6,-5.328,1,0.0346,0.0557,0.196,0.0942,0.278,117.028,4
200,latin,Air Drop,Bryant Myers,205565,TRUE,70,1,0.701,0.675,5,-5.06,0,0.055,0.424,0,0.136,0.274,114.932,4
201,hiphop,It's Funky Enough - Remastered Single,The D.O.C.,269973,FALSE,51,13,0.83,0.797,7,-6.627,1,0.152,0.00257,0,0.272,0.886,90.229,4
202,r&b,I Need a Dollar,Aloe Blacc,243533,FALSE,45,13,0.842,0.484,1,-7.111,0,0.0341,0.181,0,0.0868,0.951,95.51,4
203,pop,Team,Lorde,193058,FALSE,26,13,0.69,0.578,6,-7.436,1,0.0929,0.167,0,0.305,0.416,99.961,4
204,rock,Plush - Acoustic,Stone Temple Pilots,230293,FALSE,66,15,0.643,0.364,5,-11.018,0,0.04,0.715,0,0.659,0.283,133.377,4
205,latin,Adónde Se Fue ?,Xtreme,185333,FALSE,47,17,0.75,0.706,9,-4.993,0,0.0274,0.265,0,0.0643,0.878,124.99,4
206,rap,Poppin' My Collar (feat. Project Pat),Three 6 Mafia,176880,TRUE,58,22,0.729,0.795,7,-4.579,1,0.144,0.354,0,0.536,0.856,146.747,4
207,pop,Us,James Bay,181360,FALSE,76,14,0.559,0.473,0,-4.147,1,0.0364,0.177,1.50E-06,0.108,0.341,69.973,4
208,rap,Grown Up,Danny Brown,139930,TRUE,63,3,0.635,0.766,11,-6.459,1,0.26,0.132,0,0.122,0.685,93.603,4
209,rap,The Humpty Dance,Digital Underground,391693,FALSE,63,14,0.813,0.693,10,-8,0,0.266,0.0341,0,0.121,0.618,103.508,4
210,pop,Don't Cha,The Pussycat Dolls,272080,FALSE,72,14,0.875,0.631,1,-3.475,1,0.099,0.00542,2.54E-06,0.127,0.549,120.003,4
211,r&b,If You Love Me,Brownstone,304160,FALSE,61,12,0.687,0.583,7,-10.224,1,0.0639,0.225,0,0.105,0.211,95.138,4
212,r&b,Wishful Thinking,Vivian Green,244840,FALSE,40,14,0.672,0.544,1,-6.583,1,0.0505,0.267,0,0.366,0.443,91.005,4
213,latin,Me Hipnotizas,Anahí,233104,FALSE,50,11,0.857,0.846,2,-4.334,1,0.0452,0.131,1.53E-06,0.081,0.901,137.033,4
214,rock,Sticks 'N' Stones,Jamie T,240832,TRUE,61,11,0.545,0.851,6,-3.569,1,0.0935,0.0572,0,0.403,0.787,179.947,4
215,edm,Not Afraid,Marc Benjamin,186200,FALSE,37,1,0.62,0.708,11,-4.994,0,0.0271,0.129,0,0.169,0.365,126.036,4
216,edm,Wildest Dream,Thomas Gold,187510,FALSE,54,2,0.545,0.839,1,-4.24,1,0.0468,0.0223,0,0.0714,0.276,127.987,4
217,edm,Nasty,Datsik,217600,FALSE,50,7,0.461,0.964,1,-3.275,1,0.223,0.00025,0.3,0.247,0.0558,112.586,3
218,pop,Champagne & Sunshine,PLVTINUM,196363,TRUE,77,1,0.607,0.522,5,-10.028,0,0.0704,0.0553,0,0.0909,0.265,109.961,4
219,rap,Make Me Better,Fabolous,253573,TRUE,62,16,0.607,0.599,11,-6.886,1,0.0995,0.33,0,0.199,0.562,86.491,4
220,rap,Pretty Little Fears (feat. J. Cole),6LACK,240341,TRUE,75,14,0.61,0.458,9,-11.336,1,0.36,0.696,0.000103,0.0852,0.246,192.099,4
221,pop,Just Give Me a Reason (feat. Nate Ruess),P!nk,242733,FALSE,81,17,0.778,0.547,2,-7.273,1,0.0489,0.346,0.000302,0.132,0.441,95.002,4
222,pop,Talia,King Princess,207720,FALSE,64,1,0.401,0.507,2,-7.001,1,0.089,0.549,0,0.164,0.236,180.159,4
223,rock,Rock Lobster,The B-52's,412032,FALSE,50,9,0.603,0.814,8,-11.51,1,0.048,0.0462,0.0265,0.0509,0.486,92.24,4
224,latin,Con los Años Que Me Quedan,Gloria Estefan,276600,FALSE,63,12,0.552,0.303,2,-10.579,1,0.0429,0.772,0,0.119,0.336,85.921,4
225,rap,Don't,Bryson Tiller,198293,TRUE,79,14,0.765,0.356,11,-5.556,0,0.195,0.223,0,0.0963,0.189,96.991,4
226,pop,universe,thuy,186627,FALSE,51,9,0.636,0.452,11,-8.298,1,0.0329,0.136,1.97E-06,0.104,0.0678,80.004,4
227,hiphop,"You Can't Hide, You Can't Run",Dilated Peoples,259573,TRUE,53,13,0.844,0.886,11,-1.681,0,0.306,0.199,0,0.471,0.546,86.868,4
228,pop,Light It Up (feat. Nyla & Fuse ODG) - Remix,Major Lazer,166138,FALSE,3,14,0.746,0.877,9,-3.782,0,0.0666,0.0375,0.000833,0.233,0.751,107.985,4
229,rock,Madhouse,Anthrax,259760,FALSE,61,9,0.329,0.885,9,-10.661,1,0.0904,0.0242,0.00433,0.735,0.481,163.538,4
230,hiphop,Time's Up,O.C.,206981,TRUE,39,14,0.58,0.523,2,-9.779,1,0.0925,0.173,0.0647,0.334,0.488,89.964,4
231,rap,Crew (feat. Brent Faiyaz & Shy Glizzy),GoldLink,176702,TRUE,74,14,0.728,0.607,1,-8.417,0,0.132,0.133,0,0.0864,0.445,129.938,4
232,hiphop,Bounce,Flatbush Zombies,241520,TRUE,58,12,0.628,0.618,5,-8.4,0,0.313,0.0113,0,0.109,0.362,110.007,4
233,rock,Stone the Crow,DOWN,282506,FALSE,56,13,0.444,0.911,11,-6.117,0,0.0398,0.0139,0.00955,0.0868,0.556,106.437,4
234,rock,Alone Again Or - 2015 Remaster,Love,197274,FALSE,60,11,0.318,0.303,11,-15.572,0,0.0302,0.664,0.000223,0.113,0.226,174.254,4
235,hiphop,The Jackie (with J. Cole & Lil Tjay),Bas,204434,TRUE,75,1,0.784,0.474,8,-6.139,1,0.0524,0.333,0,0.278,0.64,128.012,4
236,hiphop,Blame It,Jamie Foxx,289746,TRUE,65,15,0.673,0.614,7,-5.426,1,0.103,0.0782,0,0.139,0.362,176.052,4
237,latin,Nos Fuimos Lejos (feat. El Micha),Descemer Bueno,209359,FALSE,51,1,0.755,0.88,7,-3.003,1,0.0605,0.162,1.32E-05,0.132,0.812,94.022,4
238,hiphop,Freedom Form Flowing,Gift Of Gab,272860,TRUE,48,1,0.751,0.86,2,-3.57,1,0.287,0.454,4.10E-05,0.0849,0.655,162.06,4
239,rock,No Love In LA,Palaye Royale,202656,FALSE,63,2,0.481,0.897,11,-4.181,0,0.0638,0.00562,0,0.359,0.425,103.107,4
240,r&b,Yeah! (feat. Lil Jon & Ludacris),Usher,250373,FALSE,82,21,0.894,0.791,2,-4.699,1,0.112,0.0183,0,0.0388,0.583,105.018,4
241,r&b,Candy Rain - Heavy D & TrakMasterz Mix,Soul For Real,261626,FALSE,55,3,0.787,0.585,9,-7.529,1,0.0492,0.0118,3.02E-05,0.117,0.751,93.881,4
242,rock,Second Chance,38 Special,304693,FALSE,58,11,0.664,0.426,10,-12.852,1,0.0282,0.166,0,0.0652,0.518,118.785,4
243,r&b,Touchy Feely,Ro James,167380,TRUE,47,15,0.915,0.472,0,-6.351,1,0.0512,0.22,5.74E-05,0.104,0.411,126.976,4
244,rock,Victorious,Wolfmother,264986,FALSE,54,10,0.396,0.933,9,-3.757,1,0.0669,8.03E-05,3.17E-06,0.177,0.329,160.061,4
245,rock,Hurdy Gurdy Man,Donovan,193466,FALSE,60,13,0.405,0.463,0,-16.167,1,0.0542,0.00379,0.0442,0.392,0.542,79.451,4
246,r&b,Try Again,Aaliyah,284000,FALSE,54,14,0.797,0.622,6,-5.642,0,0.29,0.0807,0,0.0841,0.731,93.02,4
247,latin,Obsesion,Aventura,254537,FALSE,24,10,0.793,0.525,1,-7.338,0,0.0444,0.462,0,0.0601,0.784,133.703,4
248,edm,Calm The Storm,Super8 & Tab,225622,FALSE,38,7,0.588,0.735,3,-4.777,1,0.0418,0.0202,0.000179,0.208,0.216,129.983,4
249,pop,I Want You Around,Snoh Aalegra,212787,TRUE,69,14,0.705,0.433,4,-9.706,1,0.204,0.388,0.134,0.0841,0.602,168.006,4
250,latin,No Puedo Olvidarme Ti,MDO,210520,FALSE,57,10,0.712,0.797,9,-6.496,1,0.0373,0.204,1.75E-06,0.111,0.612,129.131,4
251,rock,Sleeping (In The Fire),W.A.S.P.,235893,TRUE,54,13,0.253,0.646,8,-9.326,1,0.0306,9.77E-05,0,0.0856,0.178,91.926,4
252,pop,all the kids are depressed,Jeremy Zucker,169973,TRUE,78,4,0.773,0.437,9,-8.281,1,0.0963,0.836,2.42E-05,0.544,0.707,103.861,4
253,pop,Lie Lie Lie,Joshua Bassett,176691,FALSE,64,1,0.617,0.835,7,-3.573,1,0.0923,0.00503,0,0.0793,0.835,101.005,4
254,hiphop,Smile,Scarface,300600,TRUE,63,18,0.7,0.402,5,-9.93,0,0.278,0.0498,1.04E-06,0.16,0.499,77.871,4
255,rock,Steppin' Out,Joe Jackson,262866,FALSE,56,9,0.584,0.474,11,-9.431,1,0.0296,0.0366,0.000363,0.0518,0.651,160.173,4
256,rap,Music (feat. Marvin Gaye),Erick Sermon,223133,TRUE,58,16,0.897,0.466,10,-9.053,0,0.203,0.187,1.35E-06,0.0757,0.884,100.01,4
257,pop,Sugar Daddy,Qveen Herby,203809,TRUE,70,5,0.953,0.453,10,-7.197,1,0.07,0.0605,0.000159,0.625,0.0368,126.009,4
258,hiphop,6 'N the Mornin',ICE-T,224866,TRUE,49,13,0.823,0.745,5,-6.637,0,0.247,0.00282,0.000332,0.323,0.58,91.919,4
259,rock,Cut You In,Jerry Cantrell,203000,FALSE,5,12,0.632,0.742,10,-6.785,1,0.0342,0.225,0.00115,0.138,0.725,119.509,4
260,latin,Bonita,Cabas,237335,FALSE,63,11,0.716,0.552,9,-8.316,1,0.0347,0.4,0,0.232,0.785,108.045,4
261,rap,Pure Water (with Migos),Mustard,192470,TRUE,77,10,0.682,0.559,0,-5.545,1,0.127,0.174,0,0.344,0.137,202.015,4
262,pop,Silence,Marshmello,180822,FALSE,80,1,0.52,0.761,4,-3.093,1,0.0853,0.256,4.96E-06,0.17,0.286,141.971,4
263,latin,Mi Cuarto,Jerry Di,197586,FALSE,75,9,0.854,0.525,1,-4.426,1,0.214,0.819,0,0.146,0.63,97.054,4
264,rock,Our Lips Are Sealed - Single Version,The Go-Go's,167960,FALSE,62,11,0.608,0.864,8,-7.101,1,0.0522,0.0444,2.95E-06,0.0341,0.947,131.208,4
265,pop,Like This (feat. Eve),Kelly Rowland,215853,FALSE,56,14,0.668,0.723,1,-5.995,1,0.279,0.00183,0,0.0545,0.486,178.126,4
266,pop,You Are The Reason,Calum Scott,204326,FALSE,82,14,0.329,0.235,10,-7.699,1,0.0303,0.918,0,0.137,0.22,171.006,3
267,hiphop,Just The Two Of Us,Chubb Rock,215533,FALSE,39,17,0.856,0.419,2,-12.526,1,0.25,0.213,0,0.234,0.42,90.385,4
268,r&b,Closer,Goapele,228920,FALSE,0,16,0.715,0.429,1,-6.476,1,0.0315,0.448,0.0223,0.102,0.359,93.006,4
269,rock,"Mrs. Robinson - From ""The Graduate"" Soundtrack",Simon & Garfunkel,244026,FALSE,75,12,0.606,0.457,6,-14.035,0,0.0497,0.713,2.53E-05,0.0747,0.813,92.033,4
270,rap,Shit Hits The Fan,Obie Trice,292013,TRUE,64,17,0.786,0.9,1,-0.839,1,0.205,0.0262,0.0235,0.306,0.627,91.984,4
271,pop,Just Thought You Should Know,Betty Who,203692,FALSE,50,13,0.778,0.748,8,-6.298,1,0.0517,0.0215,0,0.047,0.635,105.994,4
272,latin,Como Olvidar - Merengue Versión,Olga Tañón,279546,FALSE,54,12,0.74,0.894,10,-5.445,1,0.0327,0.231,0,0.111,0.6,130.01,4
273,rock,Alone,Heart,218733,FALSE,73,10,0.418,0.452,1,-13.099,1,0.0356,0.638,0.00026,0.0959,0.168,175.088,4
274,hiphop,So Fly (J. Period Remix),Nate Dogg,185813,TRUE,58,44,0.605,0.602,0,-6.837,0,0.398,0.177,0,0.405,0.829,82.261,4
275,rap,Bugatti,Ace Hood,269266,TRUE,64,14,0.6,0.592,1,-4.947,1,0.0545,0.0191,0,0.0955,0.0663,130.205,4
276,edm,1 Like You,Orjan Nilsen,200129,FALSE,45,14,0.579,0.753,7,-3.923,1,0.324,0.0215,0,0.365,0.286,127.972,4
277,r&b,Halo,BeyoncÃ©,261160,FALSE,74,20,0.422,0.712,11,-5.907,0,0.1,0.273,0,0.051,0.471,78.454,4
278,edm,All That I Can,ALPHA 9,217619,FALSE,48,1,0.511,0.982,9,-3.326,0,0.0315,0.00119,0.000511,0.342,0.906,126.001,4
279,rock,Remedy,The Black Crowes,322640,FALSE,59,10,0.411,0.978,10,-3.801,0,0.0532,0.00138,3.97E-06,0.0782,0.353,160.478,4
280,rap,Dead Man Walking,Brent Faiyaz,247079,TRUE,77,1,0.505,0.267,9,-13.763,0,0.05,0.279,0,0.096,0.439,143.929,4
281,r&b,Free Yourself (feat. Missy Elliott),Fantasia,257426,FALSE,52,13,0.717,0.449,5,-9.688,0,0.0596,0.681,0,0.0902,0.611,108.802,4
282,edm,Satisfaction - Isaak Original,Benny Benassi,285133,FALSE,44,18,0.804,0.717,9,-3.366,1,0.103,0.185,0.197,0.0751,0.37,129.971,4
283,pop,Honesty,Pink Sweat$,189000,TRUE,72,18,0.66,0.139,6,-16.339,0,0.0323,0.964,1.10E-05,0.105,0.312,79.975,4
284,pop,Peach,BROODS,255397,FALSE,56,12,0.688,0.738,5,-4.831,1,0.0404,0.0085,3.54E-05,0.258,0.251,111.013,4
285,latin,Solitaria,Alkilados,218130,FALSE,58,15,0.814,0.651,8,-7.041,1,0.081,0.302,0.00048,0.107,0.592,97.978,4
286,latin,Como Lo Hacia Yo (Official Remix),Ken-Y,281170,FALSE,55,1,0.74,0.727,7,-6.982,0,0.0361,0.184,0,0.198,0.699,94.011,4
287,latin,Medicina De Amor,Raulin Rodriguez,360720,FALSE,63,10,0.662,0.461,1,-7.36,1,0.0495,0.315,1.12E-06,0.0445,0.912,142.553,4
288,hiphop,Peruvian Cocaine,Immortal Technique,288666,TRUE,48,18,0.686,0.631,4,-7.458,0,0.386,0.583,0,0.329,0.65,86.276,4
289,pop,Mama Said,Lukas Graham,206756,FALSE,46,12,0.748,0.867,7,-4.715,0,0.0536,0.0229,1.28E-05,0.392,0.531,84.005,4
290,pop,That Girl,Gen Bello,168214,TRUE,8,7,0.576,0.314,8,-11.343,1,0.07,0.709,0,0.0978,0.619,83.291,4
291,hiphop,Vivrant Thing,Q-Tip,190826,TRUE,41,20,0.924,0.75,9,-6.582,1,0.0418,0.007,0.000198,0.0638,0.672,99.034,4
292,pop,Charmander,Aminé,131883,TRUE,68,12,0.708,0.552,10,-7.101,1,0.0714,0.542,0.00377,0.175,0.596,87.195,4
293,r&b,Guilty,Sevyn Streeter,221650,TRUE,52,15,0.628,0.685,1,-3.856,1,0.143,0.158,0,0.101,0.548,91.963,4
294,latin,Pase Lo Que Pase,Big Boy,223773,FALSE,44,12,0.918,0.668,10,-6.711,0,0.0812,0.018,0.00526,0.283,0.55,90.214,4
295,r&b,I Don't Wanna Know (feat. Enya & P. Diddy) - 2016 Remaster,Mario Winans,257333,FALSE,68,80,0.833,0.515,11,-5,0,0.0462,0.347,0.00156,0.116,0.4,97.035,4
296,edm,Chop It Up,BIJOU,215238,FALSE,57,1,0.691,0.661,2,-3.263,1,0.0348,0.00222,0.0258,0.207,0.635,126.021,4
297,edm,Monster (Rework),DotEXE,221831,FALSE,50,1,0.32,0.923,6,-2.581,0,0.199,0.00666,0.00183,0.0823,0.329,144.849,4
298,latin,La Chica De Humo - MTV Unplugged,Emmanuel,298546,FALSE,69,15,0.769,0.727,11,-5.962,0,0.0499,0.0895,0,0.932,0.271,102.059,4
299,pop,Fergalicious,Fergie,292373,TRUE,71,13,0.906,0.584,8,-7.72,0,0.316,0.0576,0,0.128,0.831,129.055,4
300,pop,Love Song,Sara Bareilles,258826,FALSE,74,12,0.583,0.786,2,-3.142,0,0.0301,0.0208,0,0.188,0.573,123.055,4
301,rock,Helplessly Hoping - 2005 Remaster,"Crosby, Stills & Nash",157893,FALSE,66,14,0.567,0.159,7,-13.648,1,0.0331,0.914,0,0.111,0.436,146.913,4
302,edm,Pressure,Draper,318537,FALSE,41,1,0.474,0.692,6,-5.776,0,0.033,0.0171,1.83E-05,0.138,0.492,139.884,4
303,hiphop,Reborn,KIDS SEE GHOSTS,324674,TRUE,73,7,0.585,0.597,0,-7.499,1,0.037,0.339,0.0404,0.195,0.227,100.051,4
304,rock,Lost In The Wild,WALK THE MOON,235960,FALSE,69,13,0.483,0.77,6,-4.829,0,0.0512,0.007,0,0.182,0.386,132.992,4
305,hiphop,Jazz Hands,Aesop Rock,204800,TRUE,49,14,0.429,0.789,9,-6.481,0,0.172,0.0913,0,0.162,0.565,73.017,4
306,r&b,Backstroke,Teedra Moses,217840,FALSE,36,18,0.556,0.747,5,-5.697,0,0.102,0.526,0.000866,0.387,0.877,80.81,4
307,pop,Old Thing Back (feat. Ja Rule and Ralph Tresvant),Matoma,321649,TRUE,68,2,0.805,0.858,0,-3.067,1,0.105,0.194,7.89E-06,0.256,0.523,97.033,4
308,r&b,Big Energy,Latto,173182,TRUE,75,1,0.935,0.807,11,-3.838,0,0.114,0.0514,0,0.349,0.813,106.017,4
309,rap,Shoot My Shot,IDK,172105,TRUE,58,34,0.756,0.577,7,-7.127,1,0.0395,0.00277,0,0.309,0.685,92.036,4
310,pop,Candlelight,Zhavia Ward,189733,FALSE,51,1,0.511,0.542,2,-7.398,1,0.336,0.387,0,0.181,0.439,134.907,4
311,rap,"Everyday (feat. Rod Stewart, Miguel & Mark Ronson)",A$AP Rocky,260986,TRUE,78,18,0.394,0.661,4,-8.684,1,0.192,0.00996,0,0.343,0.335,149.818,4
312,edm,If I Could,Tut Tut Child,195842,FALSE,39,1,0.397,0.725,4,-5.418,0,0.0951,0.0103,4.42E-06,0.134,0.123,177.882,4
313,rock,Southern Cross - 2005 Remaster,"Crosby, Stills & Nash",281000,FALSE,64,15,0.669,0.446,2,-11.125,1,0.0312,0.476,3.04E-06,0.153,0.587,81.558,4
314,rock,I Wanna Be Sedated,Ramones,149786,FALSE,67,80,0.56,0.965,11,-2.341,1,0.0409,0.121,6.23E-06,0.169,0.964,162.825,4
315,rap,Wreck (feat. Big Sean),2 Chainz,123200,TRUE,66,17,0.889,0.594,10,-6.593,0,0.104,0.563,0,0.175,0.758,119.984,4
316,latin,Amiga mía,Alejandro Sanz,290973,FALSE,71,10,0.629,0.703,2,-4.875,1,0.0504,0.519,0,0.11,0.402,144.016,4
317,latin,Yo no te pido la luna (Non voglio mica la luna),Daniela Romo,236453,FALSE,62,12,0.699,0.906,1,-4.593,1,0.0483,0.241,0,0.298,0.666,121.848,4
318,hiphop,Piano Love,Conway the Machine,240957,TRUE,56,1,0.653,0.675,1,-8.46,0,0.374,0.434,5.37E-06,0.112,0.513,152.129,4
319,rock,Song 2 - 2012 Remaster,Blur,121160,FALSE,77,32,0.674,0.789,8,-6.903,1,0.0676,0.00178,0.0071,0.0754,0.918,129.804,4
320,hiphop,Conscious Style (feat. KRS-One),Poor Righteous Teachers,266386,TRUE,40,18,0.846,0.774,6,-4.209,0,0.284,0.0648,0,0.203,0.631,93.26,4
321,edm,Party Till We Die - Radio Edit,MAKJ,158554,FALSE,48,1,0.64,0.94,5,-2.976,0,0.0795,0.00528,0.000484,0.357,0.243,127.995,4
322,hiphop,Rebirth Of Slick (Cool Like Dat),Digable Planets,261266,FALSE,60,14,0.884,0.334,1,-18.943,0,0.228,0.0476,0.0588,0.107,0.571,98.315,4
323,rock,Dear Mr. Fantasy,Traffic,334000,FALSE,62,10,0.24,0.615,2,-14.117,1,0.0677,0.171,0.0125,0.0801,0.768,166.657,4
324,edm,Hello (feat. Dragonette),Martin Solveig,191587,FALSE,44,3,0.661,0.969,3,-3.532,1,0.0344,0.00964,0.00218,0.119,0.46,127.989,4
325,pop,Hurricane,Bridgit Mendler,243986,FALSE,70,12,0.757,0.825,7,-4.062,0,0.0701,0.0398,2.63E-06,0.0798,0.446,95.01,4
326,latin,Ya No Vives en Mí (Versión Pop) (feat. Carlos Rivera),Yuri,255507,FALSE,64,1,0.526,0.703,9,-4.632,0,0.0297,0.109,2.24E-05,0.16,0.216,98.094,4
327,hiphop,I Like It (I Wanna Be Where You Are),Grand Puba,263533,TRUE,58,11,0.865,0.641,10,-6.652,0,0.162,0.0611,0.000107,0.218,0.762,95.307,4
328,hiphop,24 Deep,Brotha Lynch Hung,253800,TRUE,50,9,0.738,0.778,4,-9.035,0,0.344,0.0458,0,0.13,0.893,89.599,4
329,r&b,Get It On Tonite,Montell Jordan,276266,FALSE,60,18,0.813,0.491,10,-9.923,0,0.077,0.241,4.61E-05,0.0817,0.868,99.008,4
330,latin,Sin Esencia,Yiyo Sarante,194438,FALSE,58,7,0.797,0.647,5,-6.644,1,0.0432,0.646,5.21E-06,0.0911,0.885,159.917,4
331,pop,Goddess,Jaira Burns,187741,TRUE,56,1,0.749,0.657,10,-9.077,0,0.0384,0.223,3.06E-05,0.0714,0.744,123.975,4
332,rock,I Stand Alone,Godsmack,246040,FALSE,68,12,0.217,0.92,8,-4.479,1,0.0628,2.86E-05,0,0.102,0.376,167.169,4
333,pop,Super Bass,Nicki Minaj,200013,TRUE,79,21,0.723,0.86,11,-4.357,1,0.203,0.271,4.56E-06,0.598,0.667,126.979,4
334,r&b,Doo Wop (That Thing),Ms. Lauryn Hill,320266,FALSE,73,16,0.535,0.505,2,-8.926,0,0.245,0.0393,0,0.0923,0.495,99.935,4
335,r&b,Sending My Love,ZhanÃ©,221173,FALSE,57,13,0.713,0.503,7,-9.663,1,0.0575,0.0323,0.167,0.0601,0.211,95.019,4
336,latin,DPM (De Pxta Madre),Kany García,181684,FALSE,69,1,0.495,0.672,2,-6.246,1,0.259,0.538,0,0.126,0.687,170.166,4
337,hiphop,Where the Party At (feat. Nelly),Jagged Edge,232573,FALSE,68,14,0.596,0.661,5,-6.239,0,0.226,0.31,0,0.0847,0.86,129.491,5
338,edm,2 MUCH (feat. 24hrs),Flosstradamus,182400,FALSE,54,1,0.642,0.933,4,-2.887,0,0.0871,0.0657,1.04E-05,0.087,0.158,150.039,4
339,pop,Killshot - Slowed + Reverb,Magdalena Bay,278074,FALSE,64,1,0.624,0.6,1,-7.8,1,0.0383,0.00114,0.00134,0.0676,0.379,84.122,4
340,rap,FLIP THE SWITCH (feat. Drake),Quavo,156195,TRUE,65,19,0.853,0.637,3,-5.924,0,0.331,0.129,0,0.267,0.496,86.048,4
341,latin,Olvidala,Junior & Jorge,289586,FALSE,43,12,0.953,0.563,2,-7.84,1,0.0418,0.197,2.72E-05,0.0448,0.861,129.857,4
342,rock,Have You Ever Seen The Rain,Creedence Clearwater Revival,160133,FALSE,79,13,0.741,0.697,0,-7.028,1,0.0277,0.0664,2.28E-05,0.133,0.774,116.109,4
343,pop,Somebody To You,The Vamps,185097,FALSE,77,15,0.526,0.818,3,-5.952,1,0.0358,0.0587,0,0.333,0.896,171.96,4
344,hiphop,What They Do,The Roots,357200,TRUE,61,20,0.885,0.414,0,-10.539,1,0.168,0.341,0.000289,0.0891,0.683,92.727,4
345,rock,Carry On Wayward Son - Single Version,Kansas,207882,FALSE,26,80,0.441,0.694,0,-7.141,1,0.0302,0.0039,5.44E-06,0.366,0.85,126.794,4
346,hiphop,If I Ruled the World (Imagine That) (feat. Lauryn Hill),Nas,282373,TRUE,69,14,0.879,0.564,10,-7.682,0,0.247,0.0474,9.43E-06,0.0519,0.523,93.908,4
347,pop,Quit (feat. Ariana Grande),Cashmere Cat,258188,TRUE,67,10,0.44,0.413,0,-7.365,0,0.0407,0.105,3.40E-05,0.0997,0.141,86.911,3
348,rap,Tonite,DJ Quik,323266,TRUE,55,13,0.965,0.449,0,-15.225,1,0.236,0.05,1.13E-06,0.267,0.723,105.391,4
349,edm,Only Be Me,DROELOE,208285,FALSE,56,1,0.7,0.581,1,-8.493,0,0.0779,0.118,0.00196,0.135,0.165,140.019,4
350,r&b,When I See U,Fantasia,217346,FALSE,70,14,0.569,0.596,8,-6.486,1,0.172,0.452,7.92E-05,0.205,0.754,93.135,4
351,rap,How High - Remix,Redman,240133,FALSE,37,5,0.816,0.841,2,-5.744,1,0.357,0.0395,1.40E-06,0.307,0.659,91.577,4
352,rock,Freeze-Frame,The J. Geils Band,237506,FALSE,58,9,0.573,0.806,0,-10.978,1,0.0356,0.151,0.0116,0.405,0.934,186.328,4
353,r&b,My Love Is the Shhh!,Somethin' For The People,281746,FALSE,45,16,0.779,0.715,2,-5.886,0,0.0368,0.297,0,0.157,0.621,126.036,4
354,r&b,Slowly,Syleena Johnson,263266,FALSE,33,16,0.519,0.336,3,-10.057,0,0.0461,0.554,0,0.0903,0.12,62.142,4
355,pop,Rain On Me (with Ariana Grande),Lady Gaga,182200,FALSE,77,16,0.672,0.855,9,-3.764,1,0.0397,0.021,0,0.323,0.646,123.056,4
356,rock,Lydia,Highly Suspect,242560,TRUE,65,10,0.417,0.706,6,-4.652,0,0.0945,0.00933,0.000572,0.474,0.512,127.884,4
357,r&b,Where My Girls At,702,166693,FALSE,62,14,0.705,0.725,4,-7.435,1,0.0506,0.0352,0.0149,0.194,0.76,92.186,4
358,r&b,Pull Over,Trina,194293,TRUE,49,18,0.955,0.768,1,-5.54,0,0.181,0.0134,0,0.308,0.741,125.04,4
359,latin,Dejame un Beso,Juan Manuel,241240,FALSE,45,10,0.684,0.889,10,-4.905,1,0.0607,0.387,0.00512,0.0462,0.493,171.876,4
360,hiphop,Superhoes,Funkdoobiest,231760,TRUE,46,13,0.807,0.285,6,-14.823,1,0.337,0.0698,0.192,0.173,0.459,97.549,4
361,latin,Te quiero,Hombres G,225760,FALSE,72,14,0.736,0.711,2,-5.503,1,0.0352,0.0029,0.000275,0.0948,0.72,112.305,3
362,latin,Mi Forma De Sentir,Pedro Fernández,245000,FALSE,50,14,0.443,0.201,4,-14.603,1,0.0305,0.655,0,0.135,0.266,132.104,4
363,rap,Int'l Players Anthem (I Choose You),UGK,259040,TRUE,44,29,0.675,0.68,4,-5.01,0,0.256,0.0655,0,0.354,0.845,155.698,4
364,edm,Promises,NERO,257386,FALSE,58,14,0.484,0.943,9,-4.364,0,0.0647,3.77E-05,0.00452,0.593,0.345,143.933,4
365,hiphop,Amnesia,Blu,177920,TRUE,38,14,0.579,0.673,6,-6.798,1,0.204,0.185,0,0.559,0.677,87.951,4
366,rap,Bust A Move,Young MC,263914,FALSE,63,13,0.946,0.772,4,-7.537,0,0.121,0.0512,2.26E-06,0.0612,0.743,116.972,4
367,hiphop,Roses,Outkast,369573,TRUE,72,40,0.751,0.708,0,-5.653,1,0.0545,0.0482,1.85E-05,0.107,0.509,108.97,4
368,edm,Next to Me,Otto Knows,202169,FALSE,59,2,0.596,0.752,11,-4.904,1,0.07,0.785,0.000419,0.105,0.306,127.06,4
369,r&b,I Miss You,Aaron Hall,381733,FALSE,47,15,0.713,0.754,6,-5.277,1,0.0271,0.0298,0,0.136,0.564,120.079,4
370,pop,Too Good At Goodbyes,Sam Smith,201000,FALSE,81,14,0.681,0.372,5,-8.237,1,0.0432,0.64,0,0.169,0.476,91.873,4
371,pop,Like No One Does,Jake Scott,158469,FALSE,60,9,0.801,0.41,10,-12.734,1,0.237,0.35,1.45E-06,0.107,0.442,104.935,4
372,pop,Sweet but Psycho,Ava Max,187436,FALSE,82,16,0.72,0.706,1,-4.719,1,0.0473,0.0684,0,0.166,0.62,133.002,4
373,edm,Space Invaders,Teminite,348164,FALSE,46,1,0.58,0.952,8,-2.286,1,0.0806,0.00021,0.828,0.325,0.694,127.991,4
374,pop,Jar of Hearts,Christina Perri,246587,FALSE,74,13,0.349,0.348,3,-6.142,1,0.0316,0.726,0,0.12,0.0886,74.541,4
375,rock,Run to the Hills - 2015 Remaster,Iron Maiden,233506,FALSE,70,8,0.249,0.943,0,-5.188,1,0.0669,0.0286,0.00401,0.162,0.458,173.671,4
376,latin,Donde Estan Esos Amigos,El Chaval de la Bachata,270480,FALSE,58,4,0.839,0.643,10,-5.252,0,0.0336,0.0756,0.000143,0.305,0.735,129.104,4
377,rock,Old Man - 2009 Remaster,Neil Young,202146,FALSE,67,10,0.702,0.244,4,-15.286,0,0.0355,0.431,0.00867,0.0963,0.444,141.317,4
378,edm,Till It's Over,Tristam,270545,FALSE,54,1,0.61,0.836,7,-6.428,0,0.089,0.123,0,0.164,0.329,110.032,4
379,edm,Lisbon,Markus Schulz,191082,FALSE,46,1,0.474,0.839,7,-11.903,1,0.0349,5.80E-05,0.936,0.148,0.0362,133.997,4
380,pop,Ur Best Friend (with Kehlani),Kiana Ledé,182858,FALSE,68,1,0.565,0.531,2,-6.09,1,0.197,0.497,1.94E-06,0.102,0.237,129.424,4
381,edm,Show Me,Habstrakt,174696,FALSE,49,1,0.672,0.825,1,-4.551,1,0.233,0.0211,0.0934,0.648,0.351,127.982,4
382,rock,Far Behind,Candlebox,299733,FALSE,66,11,0.552,0.645,7,-6.595,1,0.0268,0.00187,1.38E-06,0.0424,0.588,89.518,4
383,latin,La Curiosidad,Jay Wheeler,219048,FALSE,84,12,0.845,0.677,11,-4.798,0,0.136,0.269,0.000917,0.108,0.68,90.013,4
384,edm,Skydance,W&W,166812,FALSE,63,2,0.377,0.895,8,-2.467,1,0.0476,0.000408,0.000647,0.607,0.449,75.108,4
385,latin,Guallando,Fulanito,205333,FALSE,60,10,0.681,0.907,7,-8.181,1,0.0699,0.0497,0,0.715,0.94,149.938,4
386,hiphop,Dirty South (feat. Big Boi & Cool Breeze),Goodie Mob,214040,TRUE,43,19,0.918,0.36,5,-9.949,0,0.275,0.029,0,0.0799,0.243,91.959,4
387,rap,Hey Ma,Cam’ron,230080,TRUE,57,7,0.764,0.669,8,-5.57,1,0.363,0.0285,5.09E-06,0.337,0.934,89.832,4
388,hiphop,Alphabet Aerobics,Blackalicious,133800,FALSE,55,7,0.65,0.515,10,-8.722,0,0.198,0.0196,0,0.0974,0.885,97.052,4
389,r&b,Fall For Your Type (feat. Drake),Jamie Foxx,269533,TRUE,56,15,0.593,0.393,1,-11.736,1,0.0827,0.394,3.24E-06,0.11,0.193,136.866,4
390,hiphop,Cold Rock a Party,MC Lyte,247306,TRUE,54,11,0.896,0.744,11,-5.239,0,0.246,0.192,1.19E-06,0.108,0.744,92.91,4
391,edm,Oldskool,Julian Jordan,161641,TRUE,42,1,0.655,0.976,10,-4.971,0,0.0485,0.0045,0.688,0.178,0.0729,126.032,4
392,edm,Hold On (feat. Cheat Codes) - 2020 Edit,Moguai,144909,FALSE,58,1,0.622,0.802,9,-4.969,0,0.167,0.17,0,0.263,0.764,124.859,4
393,pop,Where's My Love,SYML,202009,FALSE,78,12,0.608,0.358,0,-10.018,0,0.0253,0.854,0.0186,0.113,0.365,103.94,4
394,rock,Tomorrow,Silverchair,266280,FALSE,66,21,0.292,0.714,2,-4.919,1,0.0316,0.000658,0.000109,0.102,0.462,151.412,3
395,r&b,Love Like This,Faith Evans,275706,FALSE,67,15,0.767,0.551,0,-7.328,1,0.0616,0.00364,0,0.0451,0.796,100.904,4
396,latin,No Te Pido Flores,Fanny Lu,244720,FALSE,58,10,0.727,0.85,1,-5.536,1,0.0867,0.47,0,0.056,0.867,103.967,4
397,r&b,I Want You Around,Snoh Aalegra,212787,TRUE,69,14,0.705,0.433,4,-9.706,1,0.204,0.388,0.134,0.0841,0.602,168.006,4
398,rock,Golden Brown,The Stranglers,206760,FALSE,71,17,0.562,0.383,6,-15.474,1,0.0304,0.143,0.124,0.138,0.599,93.764,3
399,pop,"Or Nah (feat. The Weeknd, Wiz Khalifa & DJ Mustard) - Remix",Ty Dolla $ign,242983,TRUE,77,1,0.805,0.33,1,-8.712,0,0.1,0.22,0,0.105,0.211,121.97,4
400,rock,Immigrant Song - Remaster,Led Zeppelin,146250,FALSE,77,10,0.564,0.932,11,-10.068,1,0.0554,0.013,0.169,0.349,0.619,112.937,4
401,pop,I Really Like You,Carly Rae Jepsen,204763,FALSE,70,17,0.62,0.805,5,-5.538,1,0.0417,0.00564,9.15E-05,0.285,0.586,122.062,4
402,latin,A Dios Le Pido,Juanes,205373,FALSE,70,12,0.673,0.841,7,-3.564,1,0.0557,0.0683,0,0.0965,0.94,97.027,4
403,latin,Inventario,Valeria Gastaldi,184133,FALSE,20,11,0.827,0.636,2,-5.659,1,0.0371,0.0127,1.31E-06,0.0778,0.855,115.971,4
404,latin,Suavemente,Elvis Crespo,267160,FALSE,63,10,0.814,0.874,8,-3.18,1,0.071,0.234,0.00162,0.0476,0.911,124.052,4
405,rock,Town Called Malice,The Jam,173320,FALSE,70,11,0.542,0.91,7,-8.924,1,0.0873,0.00228,0.00524,0.0686,0.775,101.774,4
406,rap,a lot,21 Savage,288624,TRUE,79,15,0.837,0.636,1,-7.643,1,0.086,0.0395,0.00125,0.342,0.274,145.972,4
407,hiphop,The Way You Do It,Little Brother,236400,TRUE,42,8,0.703,0.488,8,-5.702,1,0.183,0.479,0.000961,0.168,0.725,96.032,4
408,edm,Epic - Radio Edit,Sandro Silva,172265,FALSE,48,2,0.536,0.771,4,-2.028,0,0.309,0.322,0.901,0.0653,0.133,128.087,4
409,rap,GATTI,JACKBOYS,181144,TRUE,77,7,0.594,0.676,2,-5.808,1,0.344,0.135,0,0.163,0.472,143.477,4
410,latin,Como Tu Mujer,Rocío Dúrcal,262706,FALSE,69,10,0.638,0.528,11,-8.786,1,0.0234,0.222,2.43E-05,0.076,0.613,96.053,4
411,pop,I Like It,Cardi B,253390,TRUE,80,13,0.816,0.726,5,-3.998,0,0.129,0.099,0,0.372,0.65,136.048,4
412,rock,Painkiller,Judas Priest,365826,FALSE,65,12,0.435,0.987,1,-4.667,0,0.16,0.000195,0.0847,0.268,0.101,103.16,4
413,hiphop,Damn It Feels Good to Be a Gangsta,Geto Boys,310600,TRUE,61,12,0.785,0.793,1,-7.915,1,0.163,0.22,0.718,0.124,0.655,88.902,4
414,hiphop,Funky Child,Lords Of The Underground,271066,TRUE,47,15,0.859,0.635,10,-9.532,0,0.193,0.0356,0.00346,0.13,0.53,96.571,4
415,rock,Free Bird,Lynyrd Skynyrd,547106,FALSE,74,8,0.249,0.834,0,-8.21,1,0.0577,0.0738,9.48E-05,0.0924,0.338,118.223,4
416,latin,El Privilegio De Amar,Mijares,236493,FALSE,66,12,0.515,0.426,2,-7.935,1,0.0351,0.692,1.01E-06,0.121,0.319,184.145,4
417,rock,Why Does It Always Rain On Me?,Travis,265000,FALSE,64,10,0.497,0.537,4,-9.264,1,0.0269,0.079,0.000139,0.0782,0.371,108.448,4
418,edm,Poison,Rita Ora,202906,FALSE,74,1,0.579,0.738,10,-5.711,1,0.0542,0.0821,1.52E-06,0.232,0.431,124.023,4
419,rap,Ni**as In Paris,JAY-Z,219333,TRUE,82,16,0.789,0.858,1,-5.542,1,0.311,0.127,0,0.349,0.775,140.022,4
420,hiphop,All The Way Up,Fat Joe,191900,TRUE,65,12,0.414,0.807,10,-4.12,0,0.348,0.0428,0,0.822,0.409,175.158,4
421,pop,Final Song,MØ,235826,FALSE,67,1,0.695,0.672,1,-6.109,0,0.0345,0.014,7.95E-05,0.0756,0.245,104.988,4
422,rock,Runnin' Wild,Airbourne,218040,FALSE,67,11,0.503,0.96,10,-2.672,1,0.0626,9.25E-05,0.578,0.274,0.489,162.022,4
423,r&b,Love Again,Brandy,214760,FALSE,27,15,0.432,0.472,7,-5.383,0,0.114,0.415,2.06E-06,0.097,0.509,77.35,4
424,hiphop,Feel so Good,Mase,203626,TRUE,66,20,0.821,0.703,11,-8.464,0,0.24,0.192,0,0.0816,0.536,105.154,4
425,hiphop,1 Scale (feat. G Herbo),Young Dolph,176040,TRUE,74,16,0.878,0.635,6,-5.811,0,0.24,0.0289,0,0.276,0.331,135.035,4
426,pop,Heaven,Julia Michaels,191813,FALSE,46,1,0.554,0.371,7,-9.104,0,0.0361,0.853,0,0.0838,0.246,199.824,3
427,pop,Halo,Beyoncé,261160,FALSE,74,20,0.422,0.712,11,-5.907,0,0.1,0.273,0,0.051,0.471,78.454,4
428,r&b,Emotional,Carl Thomas,271867,FALSE,47,17,0.548,0.542,1,-8.435,0,0.0409,0.544,0,0.148,0.389,83.106,4
429,latin,Suena El Dembow,Joey Montana,195760,FALSE,64,13,0.69,0.858,0,-4.431,1,0.0531,0.189,0,0.113,0.755,91.883,4
430,hiphop,HUMBLE.,Kendrick Lamar,177000,TRUE,82,14,0.908,0.621,1,-6.638,0,0.102,0.000282,5.39E-05,0.0958,0.421,150.011,4
431,latin,Vivir Así Es Morir de Amor,Camilo Sesto,210133,FALSE,63,10,0.527,0.689,8,-5.684,1,0.0681,0.614,0,0.381,0.691,102.24,4
432,edm,Breathe,Seeb,240272,FALSE,59,1,0.508,0.754,7,-5.708,0,0.185,0.00597,8.43E-06,0.307,0.383,119.892,4
433,rap,"Front, Back & Side to Side",UGK,313800,TRUE,34,11,0.818,0.633,2,-5.598,1,0.105,0.0192,1.47E-05,0.0444,0.803,150,4
434,latin,Tu Eres Ajena,Frank Reyes,239666,FALSE,61,11,0.919,0.579,0,-7.338,0,0.059,0.226,0.000288,0.0776,0.941,130.205,4
435,latin,Adios Amor,Andy Andy,233705,FALSE,44,1,0.818,0.79,0,-5.382,1,0.04,0.759,0.000211,0.0955,0.914,131.037,4
436,pop,Summer Feeling (feat. Jonah Kagen),Matoma,180600,FALSE,48,1,0.654,0.701,10,-7.831,1,0.0846,0.0237,4.87E-05,0.129,0.533,124.922,4
437,rock,Raining Blood,Slayer,254400,FALSE,62,12,0.294,0.995,1,-4.383,0,0.168,0.000489,0.331,0.128,0.0379,88.777,4
438,r&b,She's Playing Hard To Get,Hi-Five,275160,FALSE,41,9,0.518,0.807,1,-6.68,1,0.057,0.00768,0,0.271,0.781,199.979,4
439,latin,Cumbia A La Gente,Guaynaa,208000,FALSE,55,16,0.67,0.835,5,-4.261,0,0.118,0.291,0,0.0849,0.88,179.99,4
440,latin,Fan de Tus Fotos,Nicky Jam,197647,FALSE,62,15,0.728,0.689,7,-5.718,1,0.0725,0.293,1.26E-05,0.109,0.431,170.089,4
441,latin,Si Una Vez,Manny Manuel,288280,FALSE,38,12,0.756,0.839,9,-7.309,1,0.0381,0.365,4.04E-05,0.128,0.939,120.209,4
442,r&b,Sandstorm (feat. JID),Mereba,179026,TRUE,60,13,0.637,0.512,2,-10.027,1,0.0978,0.59,0.000464,0.0712,0.33,109.492,5
443,pop,Spotlight,Jennifer Hudson,250106,FALSE,47,13,0.707,0.724,11,-3.887,0,0.051,0.0448,0,0.072,0.659,108.984,4
444,rock,Everybody’s Gotta Live,Love,204521,FALSE,61,11,0.805,0.281,9,-11.877,0,0.0961,0.607,0,0.116,0.281,105.873,4
445,r&b,Blame It,Jamie Foxx,289746,TRUE,65,15,0.673,0.614,7,-5.426,1,0.103,0.0782,0,0.139,0.362,176.052,4
446,edm,DAMN - Bonus Track,JOYRYDE,220839,FALSE,56,18,0.715,0.962,4,-4.416,0,0.261,0.0233,6.23E-05,0.381,0.517,149.981,4
447,hiphop,Ya Playin' Yaself,Jeru The Damaja,226800,TRUE,51,15,0.858,0.767,7,-8.645,1,0.302,0.00666,0,0.0489,0.753,91.522,4
448,pop,Sad Boy (feat. Ava Max & Kylie Cantrall),R3HAB,141204,FALSE,73,1,0.717,0.692,1,-5.971,0,0.0723,0.0675,0,0.088,0.524,102.996,4
449,hiphop,My Chick Bad,Ludacris,216933,TRUE,68,17,0.624,0.723,1,-6.782,1,0.378,0.172,0,0.483,0.757,84.789,4
450,edm,City Of Dreams - Radio Edit,Dirty South,226866,FALSE,60,3,0.478,0.818,4,-5.076,1,0.0377,0.00292,0.00789,0.438,0.163,127.953,4
451,rock,"Tales of Endurance, Pt. 4, 5 & 6",Supergrass,331426,FALSE,52,9,0.282,0.648,9,-7.604,0,0.0291,0.012,0.401,0.216,0.117,91.536,4
452,r&b,Don't Let Go (Love),En Vogue,291880,FALSE,63,12,0.618,0.688,5,-5.867,0,0.0477,0.409,6.32E-06,0.3,0.561,78.311,4
453,r&b,Dead Man Walking,Brent Faiyaz,247079,TRUE,77,1,0.505,0.267,9,-13.763,0,0.05,0.279,0,0.096,0.439,143.929,4
454,latin,La Noche,Sandoval,229733,FALSE,53,13,0.589,0.565,0,-3.386,1,0.0279,0.529,0,0.168,0.182,129.868,4
455,edm,Babylon (feat. Denzel Curry) - Skrillex & Ronny J Remix,Ekali,156923,FALSE,52,3,0.869,0.869,11,-3.079,0,0.208,0.00917,4.98E-06,0.169,0.661,130.005,4
456,latin,Danza Kuduro,Don Omar,198773,FALSE,77,14,0.4,0.915,0,-4.89,1,0.28,0.0846,0,0.0503,0.878,88.917,3
457,rap,Documentary,YFN Lucci,254756,TRUE,56,18,0.525,0.701,7,-3.678,0,0.248,0.257,0,0.193,0.388,100.007,4
458,hiphop,Pursuit Of Happiness (Nightmare),Kid Cudi,295293,TRUE,71,16,0.627,0.589,0,-9.056,1,0.0405,0.497,7.05E-05,0.324,0.247,115.284,4
459,hiphop,Equality,Afu-Ra,277320,TRUE,46,18,0.634,0.908,7,-2.654,1,0.303,0.168,0,0.101,0.701,88.875,4
460,pop,Complicated,Olivia O'Brien,189000,FALSE,73,1,0.657,0.355,7,-12.044,1,0.0714,0.694,0.000427,0.123,0.0808,74.99,4
461,rock,No Matter What - Remastered 2010,Badfinger,180546,FALSE,62,17,0.529,0.743,9,-5.523,1,0.0481,0.177,0,0.0759,0.78,116.817,4
462,hiphop,Reality Check,Binary Star,241394,TRUE,49,21,0.712,0.483,11,-12.122,0,0.298,0.208,0,0.655,0.717,90.1,4
463,hiphop,Catchin' The Vibe,Quasimoto,163413,TRUE,52,12,0.904,0.557,1,-6.717,1,0.341,0.137,0.00253,0.0926,0.819,90.844,4
464,latin,Bellas,Anthony Santos,243500,FALSE,57,19,0.894,0.766,9,-4.441,1,0.0505,0.118,9.80E-06,0.272,0.936,129.997,4
465,pop,Jealous,Labrinth,287693,FALSE,78,4,0.439,0.153,1,-8.95,1,0.0479,0.874,0,0.107,0.104,116.76,3
466,r&b,Boo'd Up,Ella Mai,256063,FALSE,70,6,0.561,0.779,10,-5.107,0,0.0531,0.0862,0,0.078,0.235,81.965,4
467,rap,"Ice Cream (feat. Ghostface Killah, Method Man & Cappadonna)",Raekwon,253226,TRUE,62,18,0.683,0.902,1,-7.389,0,0.291,0.219,0.000761,0.226,0.724,90.447,4
468,pop,Line By Line (feat. Maren Morris),JP Saxe,206213,TRUE,58,13,0.646,0.483,0,-7.273,1,0.0425,0.309,0,0.124,0.461,72.46,4
469,edm,Harmony (feat. Xillions),Mike Williams,154687,FALSE,61,1,0.699,0.869,9,-4.607,0,0.0393,0.035,0.031,0.0965,0.591,127.975,4
470,latin,Afortunadamente No Eres Tu,Paty Cantú,188773,FALSE,64,11,0.735,0.848,9,-6.82,1,0.0374,0.0882,0,0.0909,0.764,131.02,4
471,rock,Let My Love Open The Door,Pete Townshend,164653,FALSE,63,10,0.651,0.653,0,-9.731,1,0.0545,0.365,0.000117,0.0742,0.729,164.912,4
472,pop,Rule The World,The Wanted,198093,FALSE,35,20,0.594,0.716,7,-6.522,0,0.0987,0.137,0.00108,0.0831,0.29,130.002,4
473,hiphop,Hip-Hop,Dead Prez,214066,TRUE,61,18,0.725,0.737,4,-7.453,1,0.324,0.000633,0.00417,0.109,0.219,77.162,4
474,rock,Hallelujah,Jeff Buckley,413826,FALSE,71,11,0.324,0.136,0,-10.33,1,0.0318,0.931,0.00117,0.176,0.0831,97.256,3
475,latin,Titanic,Kany García,238628,FALSE,67,10,0.504,0.14,10,-12.318,1,0.0845,0.924,0,0.122,0.304,146.287,4
476,edm,Run It (feat. Bok Nero),Bear Grillz,147200,TRUE,43,12,0.643,0.94,1,-3.823,0,0.33,0.023,5.76E-05,0.165,0.279,150.168,4
477,rap,The Take (feat. Chris Brown),Tory Lanez,221492,TRUE,73,18,0.464,0.547,7,-8.137,0,0.339,0.0511,0,0.155,0.423,67.003,4
478,hiphop,Born 2 Live,O.C.,271866,TRUE,40,27,0.785,0.648,7,-6.907,1,0.279,0.0157,0.00198,0.1,0.506,92.08,4
479,pop,EX,Kiana Ledé,222386,FALSE,68,7,0.763,0.537,9,-7.018,0,0.246,0.231,0,0.109,0.426,73.51,4
480,pop,Up (feat. Demi Lovato),Olly Murs,224293,FALSE,69,25,0.692,0.831,9,-5.389,1,0.034,0.0146,0,0.103,0.676,114.972,4
481,pop,Rockabye (feat. Sean Paul & Anne-Marie),Clean Bandit,251173,FALSE,72,16,0.717,0.73,9,-4.729,0,0.0568,0.383,0,0.398,0.792,102.002,4
482,hiphop,White Lines (Don't Do It) - Long Version,Grandmaster Flash,457360,FALSE,33,20,0.858,0.659,7,-10.076,1,0.0684,0.00513,0.0038,0.239,0.734,115.17,4
483,rap,Bad Boyz (feat. Barrington Levy),Shyne,228906,TRUE,55,16,0.788,0.594,6,-4.864,0,0.336,0.0249,1.65E-05,0.0534,0.691,83.84,4
484,hiphop,Selfish,PnB Rock,245604,TRUE,71,14,0.638,0.6,1,-5.84,0,0.0438,0.114,0,0.187,0.0399,101.981,4
485,latin,Bailando,El Chombo,190693,TRUE,49,15,0.677,0.946,9,-4.813,1,0.066,0.156,0.00833,0.191,0.934,193.962,4
486,pop,It's Ok If You Forget Me,Astrid S,204989,FALSE,64,10,0.562,0.379,6,-7.625,1,0.231,0.526,0,0.151,0.258,171.848,4
487,r&b,Nothing In This World,KeKe Wyatt,251066,FALSE,53,10,0.7,0.63,6,-3.344,1,0.0444,0.195,0,0.034,0.399,131.95,4
488,pop,APESHIT,The Carters,264853,TRUE,62,9,0.705,0.784,2,-6.477,1,0.271,0.0133,0,0.168,0.377,160.035,4
489,rock,Stuck on the puzzle,Alex Turner,211053,FALSE,65,6,0.58,0.682,4,-8.523,1,0.0332,0.0792,0.0316,0.161,0.774,77.53,4
490,latin,Aparentemente,Yaga & Mackie,303640,FALSE,60,13,0.86,0.692,1,-6.293,0,0.112,0.0736,0.00247,0.182,0.85,93.992,4
491,rock,Working for the Weekend,Loverboy,221000,FALSE,68,9,0.515,0.766,7,-12.768,1,0.0343,0.0249,0.00103,0.455,0.774,146.911,4
492,rock,Fred Bear,Ted Nugent,462106,FALSE,51,12,0.421,0.867,9,-7.266,0,0.0764,0.132,0.00196,0.0267,0.438,158.505,4
493,rap,Shake Ya Ass,Mystikal,256973,TRUE,58,18,0.914,0.607,7,-5.658,1,0.32,0.0626,0,0.0515,0.666,98.054,4
494,edm,Summer Of Love,Aluna,195711,FALSE,52,1,0.717,0.759,5,-4.847,1,0.0431,0.0802,0.0495,0.462,0.316,122.003,4
495,latin,Dejaría Todo,Chayanne,284466,FALSE,41,33,0.631,0.751,8,-6.457,1,0.0284,0.449,0,0.286,0.685,143.924,4
496,latin,Si tú no estas,Rosana,256320,FALSE,66,13,0.51,0.128,3,-10.878,1,0.0424,0.874,0,0.0966,0.342,133.215,4
497,rap,Phone Jumpin,Dave East,247226,TRUE,57,13,0.632,0.767,9,-4.002,0,0.232,0.0216,0,0.378,0.622,140.14,4
498,latin,Mis Ojos Lloran Por Ti,Big Boy,295533,FALSE,73,12,0.794,0.831,8,-9.235,1,0.331,0.0135,1.12E-06,0.11,0.328,172.407,4
499,rap,Right Thurr,Chingy,250746,TRUE,68,17,0.866,0.749,2,-3.977,1,0.253,0.15,0,0.0614,0.891,92.074,4
500,latin,Se Te Olvidó,Kalimba,269360,FALSE,64,12,0.781,0.498,10,-6.17,1,0.0273,0.184,0,0.103,0.346,113.981,4
